timestamp,duration_ms,markets_evaluated,bets_placed,avg_edge,avg_confidence
2026-05-28T08:31:40Z,468,0,0,0.0000,0.0000
2026-05-28T08:38:04Z,505822,280,0,0.0000,0.0000
2026-05-28T08:49:19Z,20602,280,0,0.0000,0.0000
2026-05-28T09:20:46Z,25759,280,0,0.0000,0.0000
2026-05-28T09:27:55Z,23731,280,0,0.0000,0.0000
2026-05-28T09:31:01Z,29062,280,0,0.0000,0.0000
2026-05-28T10:31:30Z,548370,2078,0,0.0000,0.0000
2026-05-28T11:10:38Z,184526,2078,0,0.0000,0.0000
2026-05-28T11:43:43Z,31859,0,0,0.0000,0.0000
2026-05-28T12:44:14Z,721103,1967,0,0.0000,0.0000
2026-05-28T13:56:16Z,143926,0,0,0.0000,0.0000
2026-05-28T14:58:35Z,101612,0,0,0.0000,0.0000
